{"pitch": [-2.6457243847747476, 12.043669524579883, 163.579722179484, 61.827952722827135], "energy": [-1.2480844259262085, 9.788349151611328, 41.64703394642605, 33.368762859993254]}